{"stats":{"minecraft:custom":{"minecraft:time_since_rest":18554,"minecraft:sprint_one_cm":41984,"minecraft:damage_taken":365,"minecraft:walk_one_cm":30964,"minecraft:mob_kills":11,"minecraft:drop":3,"minecraft:damage_dealt":1423,"minecraft:interact_with_crafting_table":7,"minecraft:fly_one_cm":65379,"minecraft:open_chest":2,"minecraft:crouch_one_cm":3751,"minecraft:play_time":18554,"minecraft:sneak_time":1439,"minecraft:jump":328,"minecraft:leave_game":1,"minecraft:time_since_death":18554,"minecraft:walk_on_water_one_cm":554,"minecraft:climb_one_cm":1992,"minecraft:total_world_time":18554,"minecraft:fall_one_cm":7908},"minecraft:mined":{"minecraft:hay_block":32,"minecraft:acacia_leaves":1,"minecraft:crafting_table":1,"minecraft:grass":21,"minecraft:acacia_log":14,"minecraft:coal_ore":17,"minecraft:grass_block":2,"minecraft:oak_log":5,"minecraft:melon":7,"minecraft:dirt":11,"minecraft:stone":7},"minecraft:killed":{"minecraft:sheep":6,"minecraft:zombie":3,"minecraft:pig":1,"minecraft:creeper":1},"minecraft:dropped":{"minecraft:bread":96},"minecraft:crafted":{"minecraft:oak_planks":20,"minecraft:crafting_table":2,"minecraft:ladder":12,"minecraft:stick":40,"minecraft:wooden_pickaxe":1,"minecraft:stone_pickaxe":1,"minecraft:acacia_planks":56,"minecraft:stone_axe":1,"minecraft:bread":96,"minecraft:wheat":288},"minecraft:used":{"minecraft:bread":6,"minecraft:stone_pickaxe":17,"minecraft:ladder":9,"minecraft:wooden_pickaxe":23,"minecraft:stone_axe":40,"minecraft:crafting_table":3,"minecraft:acacia_planks":38},"minecraft:picked_up":{"minecraft:wooden_axe":1,"minecraft:crafting_table":1,"minecraft:pumpkin":1,"minecraft:acacia_log":14,"minecraft:porkchop":2,"minecraft:oak_log":5,"minecraft:gunpowder":1,"minecraft:dirt":8,"minecraft:rotten_flesh":4,"minecraft:wheat_seeds":7,"minecraft:hay_block":32,"minecraft:bread":64,"minecraft:melon_slice":39,"minecraft:black_wool":1,"minecraft:mutton":8,"minecraft:coal":17,"minecraft:white_wool":5,"minecraft:cobblestone":8}},"DataVersion":3465}