{"stats":{"minecraft:custom":{"minecraft:interact_with_furnace":5,"minecraft:mob_kills":9,"minecraft:interact_with_crafting_table":13,"minecraft:bell_ring":4,"minecraft:time_since_death":24088,"minecraft:sleep_in_bed":1,"minecraft:climb_one_cm":1038,"minecraft:time_since_rest":13742,"minecraft:sprint_one_cm":62935,"minecraft:damage_taken":788,"minecraft:walk_one_cm":70596,"minecraft:drop":10,"minecraft:damage_dealt":2074,"minecraft:fly_one_cm":101295,"minecraft:open_chest":6,"minecraft:crouch_one_cm":5604,"minecraft:play_time":36297,"minecraft:deaths":1,"minecraft:sneak_time":1682,"minecraft:jump":572,"minecraft:walk_on_water_one_cm":4753,"minecraft:total_world_time":36297,"minecraft:fall_one_cm":19464},"minecraft:mined":{"minecraft:diamond_ore":11,"minecraft:acacia_leaves":5,"minecraft:red_bed":2,"minecraft:deepslate_diamond_ore":9,"minecraft:crafting_table":3,"minecraft:granite":8,"minecraft:acacia_log":19,"minecraft:grass_block":8,"minecraft:diorite":20,"minecraft:furnace":1,"minecraft:iron_ore":32,"minecraft:andesite":1,"minecraft:grass":9,"minecraft:coal_ore":32,"minecraft:deepslate_iron_ore":16,"minecraft:dirt_path":2,"minecraft:gravel":8,"minecraft:dirt":3,"minecraft:acacia_planks":3,"minecraft:stone":203,"minecraft:deepslate":116,"minecraft:orange_bed":2},"minecraft:killed":{"minecraft:pig":1,"minecraft:spider":1,"minecraft:iron_golem":1,"minecraft:sheep":3,"minecraft:zombie":3},"minecraft:dropped":{"minecraft:wheat_seeds":7,"minecraft:wooden_axe":1,"minecraft:wooden_pickaxe":2},"minecraft:crafted":{"minecraft:diamond_sword":1,"minecraft:diamond_axe":1,"minecraft:crafting_table":1,"minecraft:wooden_pickaxe":2,"minecraft:iron_sword":1,"minecraft:furnace":1,"minecraft:stone_axe":2,"minecraft:air":0,"minecraft:diamond_pickaxe":1,"minecraft:stick":32,"minecraft:iron_ingot":9,"minecraft:iron_pickaxe":1,"minecraft:stone_pickaxe":1,"minecraft:wooden_axe":1,"minecraft:diamond_boots":1,"minecraft:stone_sword":1,"minecraft:iron_leggings":1,"minecraft:acacia_planks":68,"minecraft:torch":40,"minecraft:diamond_chestplate":1},"minecraft:used":{"minecraft:acacia_log":2,"minecraft:stone_pickaxe":55,"minecraft:wooden_pickaxe":36,"minecraft:iron_sword":7,"minecraft:diamond_axe":2,"minecraft:orange_bed":2,"minecraft:torch":6,"minecraft:dirt":21,"minecraft:mutton":5,"minecraft:crafting_table":3,"minecraft:red_bed":2,"minecraft:acacia_sapling":1,"minecraft:wooden_axe":15,"minecraft:diamond_pickaxe":135,"minecraft:bread":7,"minecraft:iron_pickaxe":238,"minecraft:stone_axe":15,"minecraft:diamond_chestplate":1,"minecraft:cobblestone":17,"minecraft:furnace":1,"minecraft:porkchop":2,"minecraft:cobbled_deepslate":2,"minecraft:acacia_planks":15,"minecraft:gray_wool":1},"minecraft:picked_up":{"minecraft:crafting_table":3,"minecraft:andesite":1,"minecraft:flint":3,"minecraft:dirt":21,"minecraft:string":4,"minecraft:red_bed":2,"minecraft:acacia_planks":3,"minecraft:wheat_seeds":7,"minecraft:cobbled_deepslate":116,"minecraft:iron_ingot":5,"minecraft:acacia_sapling":1,"minecraft:furnace":1,"minecraft:stick":1,"minecraft:raw_iron":70,"minecraft:acacia_log":19,"minecraft:gravel":5,"minecraft:porkchop":2,"minecraft:diorite":20,"minecraft:orange_bed":2,"minecraft:rotten_flesh":2,"minecraft:diamond":20,"minecraft:granite":8,"minecraft:gray_wool":1,"minecraft:bread":32,"minecraft:mutton":6,"minecraft:coal":32,"minecraft:white_wool":2,"minecraft:cobblestone":202}},"DataVersion":3465}