{"stats":{"minecraft:custom":{"minecraft:time_since_rest":35109,"minecraft:interact_with_furnace":3,"minecraft:sprint_one_cm":93405,"minecraft:damage_taken":315,"minecraft:walk_one_cm":114254,"minecraft:mob_kills":7,"minecraft:drop":9,"minecraft:damage_dealt":588,"minecraft:talked_to_villager":6,"minecraft:interact_with_crafting_table":5,"minecraft:swim_one_cm":3350,"minecraft:fly_one_cm":37107,"minecraft:open_chest":2,"minecraft:crouch_one_cm":2484,"minecraft:play_time":35109,"minecraft:sneak_time":1359,"minecraft:walk_under_water_one_cm":2429,"minecraft:jump":425,"minecraft:leave_game":1,"minecraft:time_since_death":35109,"minecraft:walk_on_water_one_cm":7490,"minecraft:climb_one_cm":6501,"minecraft:total_world_time":35109,"minecraft:fall_one_cm":7826},"minecraft:mined":{"minecraft:seagrass":1,"minecraft:furnace":1,"minecraft:melon_stem":1,"minecraft:wheat":6,"minecraft:pumpkin":10,"minecraft:crafting_table":2,"minecraft:ladder":1,"minecraft:grass":37,"minecraft:acacia_log":12,"minecraft:oak_log":5,"minecraft:grass_block":18,"minecraft:coal_ore":26,"minecraft:dirt_path":1,"minecraft:dirt":11,"minecraft:tall_grass":3,"minecraft:stone":137},"minecraft:broken":{"minecraft:stone_pickaxe":1,"minecraft:wooden_pickaxe":1},"minecraft:killed":{"minecraft:zombie":1,"minecraft:salmon":4,"minecraft:cow":2},"minecraft:dropped":{"minecraft:wheat_seeds":6,"minecraft:mutton":1,"minecraft:rotten_flesh":2},"minecraft:crafted":{"minecraft:cooked_beef":4,"minecraft:oak_planks":20,"minecraft:stick":12,"minecraft:wooden_pickaxe":1,"minecraft:stone_pickaxe":2,"minecraft:furnace":1,"minecraft:acacia_planks":48,"minecraft:torch":4,"minecraft:oak_fence":6},"minecraft:used":{"minecraft:oak_fence":6,"minecraft:stone_pickaxe":132,"minecraft:ladder":1,"minecraft:wooden_pickaxe":62,"minecraft:cooked_salmon":2,"minecraft:torch":2,"minecraft:dirt":26,"minecraft:cobblestone":1,"minecraft:crafting_table":1,"minecraft:furnace":1,"minecraft:cooked_beef":4,"minecraft:acacia_planks":30,"minecraft:pumpkin":1},"minecraft:picked_up":{"minecraft:stick":1,"minecraft:crafting_table":2,"minecraft:wheat":2,"minecraft:ladder":1,"minecraft:pumpkin":9,"minecraft:salmon":4,"minecraft:leather":2,"minecraft:acacia_log":12,"minecraft:wooden_pickaxe":1,"minecraft:oak_log":5,"minecraft:dirt":26,"minecraft:cooked_salmon":2,"minecraft:rotten_flesh":3,"minecraft:acacia_planks":14,"minecraft:wheat_seeds":20,"minecraft:beef":4,"minecraft:bone_meal":1,"minecraft:melon_seeds":3,"minecraft:mutton":1,"minecraft:coal":26,"minecraft:cobblestone":136,"minecraft:furnace":1}},"DataVersion":3465}